<assembly
	xmlns="http://maven.apache.org/plugins/maven-assembly-plugin/assembly/1.1.3"
	xmlns:xsi="http://www.w3.org/2001/XMLSchema-instance"
	xsi:schemaLocation="http://maven.apache.org/plugins/maven-assembly-plugin/assembly/1.1.3 http://maven.apache.org/xsd/assembly-1.1.3.xsd">
	<id>apollo-assembly</id>
	<formats>
		<format>zip</format>
	</formats>
	<includeBaseDirectory>false</includeBaseDirectory>
	<fileSets>
		<!--scripts -->
		<fileSet>
			<directory>src/main/scripts</directory>
			<outputDirectory>scripts</outputDirectory>
			<includes>
				<include>*.sh</include>
			</includes>
			<fileMode>0755</fileMode>
			<lineEnding>unix</lineEnding>
		</fileSet>
		<fileSet>
			<directory>src/main/config</directory>
			<outputDirectory>config</outputDirectory>
			<includes>
				<include>app.properties</include>
			</includes>
			<lineEnding>unix</lineEnding>
		</fileSet>
		<fileSet>
			<directory>src/main/config</directory>
			<outputDirectory>/</outputDirectory>
			<includes>
				<include>apollo-portal.conf</include>
			</includes>
			<lineEnding>unix</lineEnding>
		</fileSet>
		<fileSet>
			<directory>target/classes</directory>
			<outputDirectory>/config</outputDirectory>
			<includes>
				<include>application-github.properties</include>
				<include>apollo-env.properties</include>
			</includes>
		</fileSet>
		<!--artifact -->
		<fileSet>
			<directory>target</directory>
			<outputDirectory>/</outputDirectory>
			<includes>
				<include>${project.artifactId}-*.jar</include>
			</includes>
			<fileMode>0755</fileMode>
		</fileSet>
	</fileSets>
</assembly>
