<?xml version="1.0" encoding="UTF-8"?>
<configuration monitorInterval="60">
  <appenders>
    <Console name="Console" target="SYSTEM_OUT">
      <PatternLayout pattern="[apollo-demo][%t]%d %-5p [%c] %m%n"/>
    </Console>
    <Async name="Async" includeLocation="true">
      <AppenderRef ref="Console"/>
    </Async>
  </appenders>
  <loggers>
    <logger name="com.ctrip.framework.apollo" additivity="false" level="INFO">
      <AppenderRef ref="Async"/>
    </logger>
    <logger name="com.ctrip.framework.apollo.demo" additivity="false" level="DEBUG">
      <AppenderRef ref="Async"/>
    </logger>
    <root level="INFO">
      <AppenderRef ref="Async"/>
    </root>
  </loggers>
</configuration>
